{
  "$schema": "https://docs.renovatebot.com/renovate-schema.json",
	"enabled": true,
	"schedule": ["before 3am on Monday"],
	"extends": [
		"config:base",
		":pinVersions",
		":separateMultipleMajorReleases",
		":combinePatchMinorReleases",
		":automergePatch",
		":automergeMinor",
		":pinSkipCi",
		"group:allNonMajor"
	],
	"assignees": ["devianllert"],
	"packageRules": [
		{
			"matchUpdateTypes": ["minor", "patch", "pin", "digest"],
			"automerge": true
		},
		{
			"matchDepTypes": ["devDependencies"],
			"automerge": true
		}
	]
}
